project_id,window_id,from_tag,to_tag,ancestry_status,eligible_for_baseline_poc,human_developers,zero_churn_human_developers,recomputed_total_commits,frozen_total_commits,recomputed_total_added,frozen_total_added,recomputed_total_deleted,frozen_total_deleted,recomputed_total_churn,frozen_total_churn,recomputed_top1_share_churn_12dp,frozen_top1_share_churn_6dp,recomputed_gini_churn_12dp,frozen_gini_churn_6dp,c1_top1_share_churn_6dp,c1_gini_churn_6dp,sum_exact_shares_12dp,sum_metric_value_ppm,ppm_sum_deviation_from_scale,developer_rows_valid,totals_match,ownership_summary_matches,c1_source_values_match,window_metadata_match,window_validation_status
brew,brew_W01,5.1.1,5.1.2,ancestral,true,15,0,88,88,8096,8096,1495,1495,9591,9591,0.550828902096,0.550829,0.693789316373,0.693789,0.550829,0.693789,1.000000000000,1000000,0,true,true,true,true,true,pass
brew,brew_W02,5.1.2,5.1.3,ancestral,true,3,0,4,4,2441,2441,8,8,2449,2449,0.994283380972,0.994283,0.661766707500,0.661767,0.994283,0.661767,1.000000000000,999999,-1,true,true,true,true,true,pass
brew,brew_W03,5.1.3,5.1.4,ancestral,true,14,0,44,44,3231,3231,8020,8020,11251,11251,0.837436672296,0.837437,0.867662556979,0.867663,0.837437,0.867663,1.000000000000,1000001,1,true,true,true,true,true,pass
brew,brew_W04,5.1.4,5.1.5,ancestral,true,4,0,8,8,1127,1127,309,309,1436,1436,0.670612813370,0.670613,0.569986072423,0.569986,0.670613,0.569986,1.000000000000,1000000,0,true,true,true,true,true,pass
brew,brew_W05,5.1.5,5.1.6,ancestral,true,13,0,54,54,2873,2873,1438,1438,4311,4311,0.442356761772,0.442357,0.756454865014,0.756455,0.442357,0.756455,1.000000000000,1000000,0,true,true,true,true,true,pass
brew,brew_W06,5.1.6,5.1.7,ancestral,true,14,0,56,56,4805,4805,2420,2420,7225,7225,0.410795847751,0.410796,0.692585269402,0.692585,0.410796,0.692585,1.000000000000,1000000,0,true,true,true,true,true,pass
brew,brew_W07,5.1.7,5.1.8,ancestral,true,16,1,57,57,2798,2798,504,504,3302,3302,0.543307086614,0.543307,0.737091156875,0.737091,0.543307,0.737091,1.000000000000,1000000,0,true,true,true,true,true,pass
click,click_W01,8.1.6,8.1.7,ancestral,true,4,0,7,7,38,38,25,25,63,63,0.492063492063,0.492063,0.321428571429,0.321429,0.492063,0.321429,1.000000000000,999999,-1,true,true,true,true,true,pass
click,click_W02,8.1.7,8.1.8,ancestral,true,19,0,60,60,1767,1767,1430,1430,3197,3197,0.453550203316,0.453550,0.815534300249,0.815534,0.453550,0.815534,1.000000000000,1000000,0,true,true,true,true,true,pass
click,click_W03,8.1.8,8.2.0,ancestral,true,24,0,105,105,6511,6511,5270,5270,11781,11781,0.502504031916,0.502504,0.795825906120,0.795826,0.502504,0.795826,1.000000000000,1000001,1,true,true,true,true,true,pass
click,click_W04,8.2.0,8.2.1,ancestral,true,8,0,18,18,2027,2027,885,885,2912,2912,0.653502747253,0.653503,0.765453296703,0.765453,0.653503,0.765453,1.000000000000,1000001,1,true,true,true,true,true,pass
click,click_W05,8.2.1,8.2.2,ancestral,true,15,0,49,49,1809,1809,1323,1323,3132,3132,0.366538952746,0.366539,0.716389953172,0.716390,0.366539,0.716390,1.000000000000,1000002,2,true,true,true,true,true,pass
click,click_W06,8.2.2,8.3.0,ancestral,true,13,0,74,74,3134,3134,1555,1555,4689,4689,0.702281936447,0.702282,0.823170431616,0.823170,0.702282,0.823170,1.000000000000,1000002,2,true,true,true,true,true,pass
click,click_W07,8.3.0,8.3.1,ancestral,true,17,0,54,54,1971,1971,1156,1156,3127,3127,0.340262232171,0.340262,0.770744370662,0.770744,0.340262,0.770744,1.000000000000,1000000,0,true,true,true,true,true,pass
curl,curl_W01,curl-8_14_0,curl-8_14_1,ancestral,true,9,0,48,48,4835,4835,3600,3600,8435,8435,0.431772377001,0.431772,0.686662714878,0.686663,0.431772,0.686663,1.000000000000,999999,-1,true,true,true,true,true,pass
curl,curl_W02,curl-8_14_1,curl-8_15_0,ancestral,true,36,0,322,322,23124,23124,30170,30170,53294,53294,0.537715315045,0.537715,0.926468687324,0.926469,0.537715,0.926469,1.000000000000,1000000,0,true,true,true,true,true,pass
curl,curl_W03,curl-8_15_0,curl-8_16_0,ancestral,true,31,0,430,430,23663,23663,30131,30131,53794,53794,0.454362940105,0.454363,0.910849872932,0.910850,0.454363,0.910850,1.000000000000,999996,-4,true,true,true,true,true,pass
curl,curl_W04,curl-8_16_0,curl-8_17_0,ancestral,true,21,0,672,672,46038,46038,45963,45963,92001,92001,0.740915859610,0.740916,0.914054246822,0.914054,0.740916,0.914054,1.000000000000,1000000,0,true,true,true,true,true,pass
curl,curl_W05,curl-8_17_0,curl-8_18_0,ancestral,true,35,0,732,732,47825,47825,49117,49117,96942,96942,0.584308143013,0.584308,0.933066310636,0.933066,0.584308,0.933066,1.000000000000,999999,-1,true,true,true,true,true,pass
curl,curl_W06,curl-8_18_0,curl-8_19_0,ancestral,true,35,0,522,522,30581,30581,33545,33545,64126,64126,0.657424445623,0.657424,0.943627946766,0.943628,0.657424,0.943628,1.000000000000,999998,-2,true,true,true,true,true,pass
curl,curl_W07,curl-8_19_0,curl-8_20_0,ancestral,true,26,0,503,503,31483,31483,20178,20178,51661,51661,0.376609047444,0.376609,0.885879543116,0.885880,0.376609,0.885880,1.000000000000,999997,-3,true,true,true,true,true,pass
flask,flask_W01,3.0.0,3.0.1,non_ancestral,false,5,0,20,20,761,761,587,587,1348,1348,0.980712166172,0.980712,0.784866468843,0.784866,0.980712,0.784866,1.000000000000,999999,-1,true,true,true,true,true,pass
flask,flask_W02,3.0.1,3.0.2,ancestral,true,3,0,4,4,23,23,5,5,28,28,0.428571428571,0.428571,0.166666666667,0.166667,0.428571,0.166667,1.000000000000,999999,-1,true,true,true,true,true,pass
flask,flask_W03,3.0.2,3.0.3,ancestral,true,2,0,6,6,453,453,333,333,786,786,0.916030534351,0.916031,0.416030534351,0.416031,0.916031,0.416031,1.000000000000,1000000,0,true,true,true,true,true,pass
flask,flask_W04,3.0.3,3.1.0,ancestral,true,16,0,69,69,1513,1513,988,988,2501,2501,0.958416633347,0.958417,0.917507996801,0.917508,0.958417,0.917508,1.000000000000,1000003,3,true,true,true,true,true,pass
flask,flask_W05,3.1.0,3.1.1,ancestral,true,8,0,21,21,2041,2041,997,997,3038,3038,0.981566820276,0.981567,0.862574061883,0.862574,0.981567,0.862574,1.000000000000,1000000,0,true,true,true,true,true,pass
flask,flask_W06,3.1.1,3.1.2,ancestral,true,6,0,20,20,978,978,825,825,1803,1803,0.977814753189,0.977815,0.819652431133,0.819652,0.977815,0.819652,1.000000000000,1000000,0,true,true,true,true,true,pass
flask,flask_W07,3.1.2,3.1.3,ancestral,true,5,0,16,16,2100,2100,1331,1331,3431,3431,0.990964733314,0.990965,0.792771786651,0.792772,0.990965,0.792772,1.000000000000,1000001,1,true,true,true,true,true,pass
gin,gin_W01,v1.8.1,v1.8.2,ancestral,true,4,0,4,4,107,107,38,38,145,145,0.489655172414,0.489655,0.305172413793,0.305172,0.489655,0.305172,1.000000000000,1000000,0,true,true,true,true,true,pass
gin,gin_W02,v1.8.2,v1.9.0,non_ancestral,false,32,0,54,54,4122,4122,3607,3607,7729,7729,0.631000129383,0.631000,0.901446661923,0.901447,0.631000,0.901447,1.000000000000,1000001,1,true,true,true,true,true,pass
gin,gin_W03,v1.9.0,v1.9.1,ancestral,true,10,0,11,11,315,315,281,281,596,596,0.421140939597,0.421141,0.600335570470,0.600336,0.421141,0.600336,1.000000000000,999999,-1,true,true,true,true,true,pass
gin,gin_W04,v1.9.1,v1.10.0,ancestral,true,34,0,54,54,1269,1269,339,339,1608,1608,0.248756218905,0.248756,0.702882645596,0.702883,0.248756,0.702883,1.000000000000,1000001,1,true,true,true,true,true,pass
gin,gin_W05,v1.10.0,v1.10.1,ancestral,true,1,0,1,1,14,14,3,3,17,17,1.000000000000,1.000000,0.000000000000,0.000000,1.000000,0.000000,1.000000000000,1000000,0,true,true,true,true,true,pass
gin,gin_W06,v1.10.1,v1.11.0,non_ancestral,false,61,0,105,105,4848,4848,1905,1905,6753,6753,0.236487487043,0.236487,0.743853976253,0.743854,0.236487,0.743854,1.000000000000,999995,-5,true,true,true,true,true,pass
gin,gin_W07,v1.11.0,v1.12.0,ancestral,true,35,0,66,66,3232,3232,863,863,4095,4095,0.321123321123,0.321123,0.707859759288,0.707860,0.321123,0.707860,1.000000000000,999998,-2,true,true,true,true,true,pass
junit5,junit5_W01,r6.0.0,r5.14.1,non_ancestral,false,10,0,205,205,7857,7857,3587,3587,11444,11444,0.753320517302,0.753321,0.827420482349,0.827420,0.753321,0.827420,1.000000000000,999999,-1,true,true,true,true,true,pass
junit5,junit5_W02,r5.14.1,r6.0.1,non_ancestral,false,20,0,671,671,27483,27483,23189,23189,50672,50672,0.752999684244,0.753000,0.893730265235,0.893730,0.753000,0.893730,1.000000000000,1000000,0,true,true,true,true,true,pass
junit5,junit5_W03,r6.0.1,r5.14.2,non_ancestral,false,12,0,285,285,132885,132885,129007,129007,261892,261892,0.976119927298,0.976120,0.909612868409,0.909613,0.976120,0.909613,1.000000000000,1000001,1,true,true,true,true,true,pass
junit5,junit5_W04,r5.14.2,r6.0.2,non_ancestral,false,21,0,805,805,154201,154201,148865,148865,303066,303066,0.942088521972,0.942089,0.937877746573,0.937878,0.942089,0.937878,1.000000000000,999999,-1,true,true,true,true,true,pass
junit5,junit5_W05,r6.0.2,r5.14.3,non_ancestral,false,13,0,295,295,133017,133017,129071,129071,262088,262088,0.975515857269,0.975516,0.916177889752,0.916178,0.975516,0.916178,1.000000000000,999998,-2,true,true,true,true,true,pass
junit5,junit5_W06,r5.14.3,r6.0.3,non_ancestral,false,21,0,816,816,154492,154492,148955,148955,303447,303447,0.941090206857,0.941090,0.937563584886,0.937564,0.941090,0.937564,1.000000000000,999998,-2,true,true,true,true,true,pass
junit5,junit5_W07,r6.0.3,r5.14.4,non_ancestral,false,16,0,309,309,133247,133247,129176,129176,262423,262423,0.974461080012,0.974461,0.931143849815,0.931144,0.974461,0.931144,1.000000000000,1000001,1,true,true,true,true,true,pass
prettier,prettier_W01,3.7.1,3.7.2,ancestral,true,6,0,12,12,796,796,198,198,994,994,0.724346076459,0.724346,0.670690811536,0.670691,0.724346,0.670691,1.000000000000,1000001,1,true,true,true,true,true,pass
prettier,prettier_W02,3.7.2,3.7.3,ancestral,true,2,0,7,7,259,259,85,85,344,344,0.502906976744,0.502907,0.002906976744,0.002907,0.502907,0.002907,1.000000000000,1000000,0,true,true,true,true,true,pass
prettier,prettier_W03,3.7.3,3.7.4,ancestral,true,2,0,16,16,2284,2284,1528,1528,3812,3812,0.971143756558,0.971144,0.471143756558,0.471144,0.971144,0.471144,1.000000000000,1000000,0,true,true,true,true,true,pass
prettier,prettier_W04,3.7.4,3.8.0,ancestral,true,2,0,19,19,1186,1186,261,261,1447,1447,0.841741534209,0.841742,0.341741534209,0.341742,0.841742,0.341742,1.000000000000,1000000,0,true,true,true,true,true,pass
prettier,prettier_W05,3.8.0,3.8.1,non_ancestral,false,2,0,9,9,398,398,277,277,675,675,0.905185185185,0.905185,0.405185185185,0.405185,0.905185,0.405185,1.000000000000,1000000,0,true,true,true,true,true,pass
prettier,prettier_W06,3.8.1,3.8.2,ancestral,true,1,0,5,5,352,352,63,63,415,415,1.000000000000,1.000000,0.000000000000,0.000000,1.000000,0.000000,1.000000000000,1000000,0,true,true,true,true,true,pass
prettier,prettier_W07,3.8.2,3.8.3,ancestral,true,2,0,8,8,262,262,168,168,430,430,0.865116279070,0.865116,0.365116279070,0.365116,0.865116,0.365116,1.000000000000,1000000,0,true,true,true,true,true,pass
requests,requests_W01,v2.30.0,v2.31.0,ancestral,true,3,0,5,5,59,59,11,11,70,70,0.785714285714,0.785714,0.504761904762,0.504762,0.785714,0.504762,1.000000000000,999999,-1,true,true,true,true,true,pass
requests,requests_W02,v2.31.0,v2.32.0,ancestral,true,30,0,69,69,1324,1324,271,271,1595,1595,0.544200626959,0.544201,0.830909090909,0.830909,0.544201,0.830909,1.000000000000,1000002,2,true,true,true,true,true,pass
requests,requests_W03,v2.32.0,v2.32.1,ancestral,true,1,0,1,1,10,10,2,2,12,12,1.000000000000,1.000000,0.000000000000,0.000000,1.000000,0.000000,1.000000000000,1000000,0,true,true,true,true,true,pass
requests,requests_W04,v2.32.1,v2.32.2,ancestral,true,1,0,3,3,47,47,8,8,55,55,1.000000000000,1.000000,0.000000000000,0.000000,1.000000,0.000000,1.000000000000,1000000,0,true,true,true,true,true,pass
requests,requests_W05,v2.32.2,v2.32.3,ancestral,true,2,0,5,5,109,109,22,22,131,131,0.648854961832,0.648855,0.148854961832,0.148855,0.648855,0.148855,1.000000000000,1000000,0,true,true,true,true,true,pass
requests,requests_W06,v2.32.3,v2.32.4,ancestral,true,15,0,33,33,519,519,519,519,1038,1038,0.534682080925,0.534682,0.724598587026,0.724599,0.534682,0.724599,1.000000000000,999998,-2,true,true,true,true,true,pass
requests,requests_W07,v2.32.4,v2.32.5,ancestral,true,7,0,9,9,148,148,66,66,214,214,0.476635514019,0.476636,0.646194926569,0.646195,0.476636,0.646195,1.000000000000,1000001,1,true,true,true,true,true,pass
tokio,tokio_W01,tokio-1.47.3,tokio-1.49.0,ancestral,true,69,0,160,160,15627,15627,5938,5938,21565,21565,0.312636216091,0.312636,0.849464208309,0.849464,0.312636,0.849464,1.000000000000,1000000,0,true,true,true,true,true,pass
tokio,tokio_W02,tokio-1.49.0,tokio-1.50.0,ancestral,true,33,0,66,66,2486,2486,609,609,3095,3095,0.168012924071,0.168013,0.644225779605,0.644226,0.168013,0.644226,1.000000000000,1000001,1,true,true,true,true,true,pass
tokio,tokio_W03,tokio-1.50.0,tokio-1.47.4,non_ancestral,false,2,0,2,2,44,44,16,16,60,60,0.633333333333,0.633333,0.133333333333,0.133333,0.633333,0.133333,1.000000000000,1000000,0,true,true,true,true,true,pass
tokio,tokio_W04,tokio-1.47.4,tokio-1.51.0,ancestral,true,106,0,249,249,19977,19977,6854,6854,26831,26831,0.251276508516,0.251277,0.835131216145,0.835131,0.251277,0.835131,1.000000000000,1000005,5,true,true,true,true,true,pass
tokio,tokio_W05,tokio-1.51.0,tokio-1.51.1,ancestral,true,4,0,7,7,449,449,27,27,476,476,0.682773109244,0.682773,0.471638655462,0.471639,0.682773,0.471639,1.000000000000,999999,-1,true,true,true,true,true,pass
tokio,tokio_W06,tokio-1.51.1,tokio-1.52.0,ancestral,true,11,0,15,15,2234,2234,450,450,2684,2684,0.300298062593,0.300298,0.553786749763,0.553787,0.300298,0.553787,1.000000000000,1000000,0,true,true,true,true,true,pass
tokio,tokio_W07,tokio-1.52.0,tokio-1.52.1,ancestral,true,4,0,6,6,301,301,484,484,785,785,0.619108280255,0.619108,0.458917197452,0.458917,0.619108,0.458917,1.000000000000,999999,-1,true,true,true,true,true,pass
urllib3,urllib3_W01,2.2.3,2.3.0,ancestral,true,10,0,25,25,1475,1475,583,583,2058,2058,0.583576287658,0.583576,0.763751214772,0.763751,0.583576,0.763751,1.000000000000,1000000,0,true,true,true,true,true,pass
urllib3,urllib3_W02,2.3.0,2.4.0,ancestral,true,10,0,22,22,2653,2653,381,381,3034,3034,0.879037574160,0.879038,0.839881344759,0.839881,0.879038,0.839881,1.000000000000,1000000,0,true,true,true,true,true,pass
urllib3,urllib3_W03,2.4.0,2.5.0,ancestral,true,9,0,14,14,703,703,355,355,1058,1058,0.307183364839,0.307183,0.572778827977,0.572779,0.307183,0.572779,1.000000000000,999999,-1,true,true,true,true,true,pass
urllib3,urllib3_W04,2.5.0,2.6.0,ancestral,true,16,0,38,38,3503,3503,2341,2341,5844,5844,0.367727583847,0.367728,0.791923340178,0.791923,0.367728,0.791923,1.000000000000,999999,-1,true,true,true,true,true,pass
urllib3,urllib3_W05,2.6.0,2.6.1,ancestral,true,1,0,2,2,24,24,6,6,30,30,1.000000000000,1.000000,0.000000000000,0.000000,1.000000,0.000000,1.000000000000,1000000,0,true,true,true,true,true,pass
urllib3,urllib3_W06,2.6.1,2.6.2,ancestral,true,1,0,2,2,59,59,6,6,65,65,1.000000000000,1.000000,0.000000000000,0.000000,1.000000,0.000000,1.000000000000,1000000,0,true,true,true,true,true,pass
urllib3,urllib3_W07,2.6.2,2.6.3,ancestral,true,4,0,8,8,224,224,95,95,319,319,0.730407523511,0.730408,0.503918495298,0.503918,0.730408,0.503918,1.000000000000,1000001,1,true,true,true,true,true,pass
