metric_signal_id,metric_family,metric_label,unit,project_id,full_n_windows,full_mean,full_median,full_std,full_iqr,full_cv,full_robust_iqr_over_median,full_median_adjacent_relative_change,full_max_adjacent_relative_change,full_volatility_class,primary_n_windows,primary_mean,primary_median,primary_std,primary_iqr,primary_cv,primary_robust_iqr_over_median,primary_median_adjacent_relative_change,primary_max_adjacent_relative_change,primary_volatility_class
M1_endpoint_kloc,M1,M1 endpoint KLOC,KLOC,brew,7,217.648714,217.302000,2.047881,2.442500,0.009409,0.011240,0.007324,0.015918,low,2,219.145500,219.145500,2.607103,1.843500,0.011897,0.008412,0.016967,0.016967,low
M1_endpoint_kloc,M1,M1 endpoint KLOC,KLOC,click,7,14.868143,14.615000,1.178055,1.572500,0.079233,0.107595,0.022230,0.080848,low,7,14.868143,14.615000,1.178055,1.572500,0.079233,0.107595,0.022230,0.080848,low
M1_endpoint_kloc,M1,M1 endpoint KLOC,KLOC,curl,7,222.456000,222.519000,2.181179,2.879500,0.009805,0.012940,0.009355,0.025769,low,7,222.456000,222.519000,2.181179,2.879500,0.009805,0.012940,0.009355,0.025769,low
M1_endpoint_kloc,M1,M1 endpoint KLOC,KLOC,flask,7,12.848571,12.951000,0.140619,0.251500,0.010944,0.019419,0.001003,0.018393,low,7,12.848571,12.951000,0.140619,0.251500,0.010944,0.019419,0.001003,0.018393,low
M1_endpoint_kloc,M1,M1 endpoint KLOC,KLOC,gin,7,14.904429,14.440000,1.655154,1.647000,0.111051,0.114058,0.030987,0.133564,low,7,14.904429,14.440000,1.655154,1.647000,0.111051,0.114058,0.030987,0.133564,low
M1_endpoint_kloc,M1,M1 endpoint KLOC,KLOC,junit5,7,132.837429,132.790000,0.218065,0.345500,0.001642,0.002602,0.003471,0.004004,low,4,132.678250,132.654000,0.081884,0.096250,0.000617,0.000726,0.000528,0.001318,low
M1_endpoint_kloc,M1,M1 endpoint KLOC,KLOC,prettier,7,113.087429,113.179000,0.174890,0.197500,0.001547,0.001745,0.000124,0.002854,low,2,113.194000,113.194000,0.021213,0.015000,0.000187,0.000133,0.000265,0.000265,low
M1_endpoint_kloc,M1,M1 endpoint KLOC,KLOC,requests,7,8.298571,8.315000,0.150899,0.106500,0.018184,0.012808,0.004313,0.038592,low,5,8.297200,8.379000,0.184562,0.123000,0.022244,0.014680,0.008174,0.038592,low
M1_endpoint_kloc,M1,M1 endpoint KLOC,KLOC,tokio,7,92.937000,94.055000,3.163565,2.147000,0.034040,0.022827,0.010391,0.090682,low,2,89.663000,89.663000,4.847924,3.428000,0.054068,0.038232,0.073648,0.073648,low
M1_endpoint_kloc,M1,M1 endpoint KLOC,KLOC,urllib3,7,24.898143,25.159000,0.394589,0.603500,0.015848,0.023987,0.003188,0.017183,low,5,24.782800,24.734000,0.418516,0.727000,0.016887,0.029393,0.008297,0.017183,low
M2_churn_per_kloc_day,M2,M2 churn/KLOC/day,lines per KLOC-day,brew,7,6.436092,6.306104,4.009511,4.444414,0.622973,0.704780,0.661458,1.203946,moderate,2,3.990086,3.990086,3.275344,2.316018,0.820871,0.580443,0.734532,0.734532,high
M2_churn_per_kloc_day,M2,M2 churn/KLOC/day,lines per KLOC-day,click,7,5.583281,3.006551,6.774505,4.522614,1.213356,1.504253,1.641897,11.214507,high,7,5.583281,3.006551,6.774505,4.522614,1.213356,1.504253,1.641897,11.214507,high
M2_churn_per_kloc_day,M2,M2 churn/KLOC/day,lines per KLOC-day,curl,7,5.579914,5.364139,1.176650,1.641905,0.210872,0.306089,0.150746,0.698033,low,7,5.579914,5.364139,1.176650,1.641905,0.210872,0.306089,0.150746,0.698033,low
M2_churn_per_kloc_day,M2,M2 churn/KLOC/day,lines per KLOC-day,flask,7,1.016433,0.967823,0.450004,0.429999,0.442728,0.444295,0.278295,6.035415,moderate,7,1.016433,0.967823,0.450004,0.429999,0.442728,0.444295,0.278295,6.035415,moderate
M2_churn_per_kloc_day,M2,M2 churn/KLOC/day,lines per KLOC-day,gin,7,2.167921,0.434137,3.389659,2.326252,1.563553,5.358336,0.972028,1143.041787,high,7,2.167921,0.434137,3.389659,2.326252,1.563553,5.358336,0.972028,1143.041787,high
M2_churn_per_kloc_day,M2,M2 churn/KLOC/day,lines per KLOC-day,junit5,7,20664.703091,49.480339,34399.107955,34590.358303,1.664631,699.072783,513.073064,2250.981838,high,4,27.491833,28.865078,19.147372,12.617316,0.696475,0.437114,0.677904,9.696822,moderate
M2_churn_per_kloc_day,M2,M2 churn/KLOC/day,lines per KLOC-day,prettier,7,3.087717,0.884594,3.716126,4.377064,1.203519,4.948106,1.385500,15.452398,high,2,0.172742,0.172742,0.178132,0.125958,1.031200,0.729168,0.843375,0.843375,high
M2_churn_per_kloc_day,M2,M2 churn/KLOC/day,lines per KLOC-day,requests,7,2.407574,0.538619,2.979454,3.324186,1.237534,6.171683,0.571950,9.170638,high,5,0.737390,0.462419,0.707922,0.176274,0.960038,0.381200,0.500056,2.703984,high
M2_churn_per_kloc_day,M2,M2 churn/KLOC/day,lines per KLOC-day,tokio,7,111.038968,3.911153,187.348211,175.681035,1.687229,44.917965,0.997897,15676.529716,high,2,0.294280,0.294280,0.384741,0.272053,1.307398,0.924470,0.960753,0.960753,high
M2_churn_per_kloc_day,M2,M2 churn/KLOC/day,lines per KLOC-day,urllib3,7,0.815366,0.849686,0.354794,0.449554,0.435134,0.529083,0.581711,1.207306,moderate,5,0.891544,0.849686,0.370830,0.514351,0.415942,0.605342,0.556104,1.207306,moderate
M3_commits_per_day,M3,M3 commits/day,commits per day,brew,7,8.183465,7.517738,3.237863,5.075579,0.395659,0.675147,0.519424,0.885570,moderate,2,9.404581,9.404581,4.307991,3.046210,0.458074,0.323907,0.489320,0.489320,moderate
M3_commits_per_day,M3,M3 commits/day,commits per day,click,7,0.868231,0.738308,0.640371,0.779757,0.737558,1.056141,0.982613,5.029367,moderate,7,0.868231,0.738308,0.640371,0.779757,0.737558,1.056141,0.982613,5.029367,moderate
M3_commits_per_day,M3,M3 commits/day,commits per day,curl,7,9.195673,8.286690,2.072742,3.274908,0.225404,0.395201,0.178592,0.560560,low,7,9.195673,8.286690,2.072742,3.274908,0.225404,0.395201,0.178592,0.560560,low
M3_commits_per_day,M3,M3 commits/day,commits per day,flask,7,0.177889,0.181438,0.084953,0.121440,0.477563,0.669317,0.626683,2.342337,moderate,7,0.177889,0.181438,0.084953,0.121440,0.477563,0.669317,0.626683,2.342337,moderate
M3_commits_per_day,M3,M3 commits/day,commits per day,gin,7,0.348916,0.158339,0.380710,0.566368,1.091121,3.576936,0.929526,321.638805,high,7,0.348916,0.158339,0.380710,0.566368,1.091121,3.576936,0.929526,321.638805,high
M3_commits_per_day,M3,M3 commits/day,commits per day,junit5,7,7906.097284,7.398961,11975.568691,14199.878597,1.514726,1919.171975,379.580959,5499.101220,high,4,5.658803,5.487804,1.562253,2.386289,0.276075,0.434835,0.402619,0.736584,moderate
M3_commits_per_day,M3,M3 commits/day,commits per day,prettier,7,3.535044,1.621230,3.588823,5.445103,1.015213,3.358624,0.928314,24.409535,high,2,0.253833,0.253833,0.268741,0.190028,1.058733,0.748637,0.856252,0.856252,high
M3_commits_per_day,M3,M3 commits/day,commits per day,requests,7,1.224273,0.263331,1.657318,1.899572,1.353717,7.213630,0.639651,18.962844,high,5,0.260904,0.189552,0.219691,0.135043,0.842038,0.712432,0.661901,2.353138,high
M3_commits_per_day,M3,M3 commits/day,commits per day,tokio,7,82.361743,2.363682,138.067703,138.796208,1.676357,58.720339,0.967950,4387.188599,high,2,0.592664,0.592664,0.744204,0.526231,1.255694,0.887909,0.940627,0.940627,high
M3_commits_per_day,M3,M3 commits/day,commits per day,urllib3,7,0.356968,0.247841,0.211901,0.265132,0.593614,1.069769,0.144311,1.982181,moderate,5,0.234327,0.223468,0.039311,0.044818,0.167762,0.200557,0.144311,0.324736,low
M4_gini_churn,M4,M4 churn Gini,share inequality,brew,7,0.711334,0.693789,0.091500,0.069597,0.128632,0.100314,0.197782,0.343079,low,2,0.715440,0.715440,0.030619,0.021651,0.042798,0.030262,0.062414,0.062414,low
M4_gini_churn,M4,M4 churn Gini,share inequality,click,7,0.715507,0.770744,0.177432,0.064758,0.247980,0.084021,0.063892,1.537214,low,7,0.715507,0.770744,0.177432,0.064758,0.247980,0.084021,0.063892,1.537214,low
M4_gini_churn,M4,M4 churn Gini,share inequality,curl,7,0.885801,0.914054,0.089734,0.031402,0.101303,0.034355,0.018829,0.349234,low,7,0.885801,0.914054,0.089734,0.031402,0.101303,0.034355,0.018829,0.349234,low
M4_gini_churn,M4,M4 churn Gini,share inequality,flask,7,0.680010,0.792772,0.278732,0.240665,0.409895,0.303573,0.423761,1.496181,moderate,7,0.680010,0.792772,0.278732,0.240665,0.409895,0.303573,0.423761,1.496181,moderate
M4_gini_churn,M4,M4 churn Gini,share inequality,gin,7,0.565936,0.702883,0.308919,0.273103,0.545854,0.388547,0.334031,1.953898,moderate,7,0.565936,0.702883,0.308919,0.273103,0.545854,0.388547,0.334031,1.953898,moderate
M4_gini_churn,M4,M4 churn Gini,share inequality,junit5,7,0.907647,0.916178,0.038875,0.032682,0.042831,0.035673,0.023240,0.080141,low,4,0.896089,0.912896,0.046657,0.030855,0.052068,0.033799,0.016335,0.099336,low
M4_gini_churn,M4,M4 churn Gini,share inequality,prettier,7,0.322398,0.365116,0.244438,0.265840,0.758189,0.728097,0.995666,161.072239,high,2,0.170871,0.170871,0.241648,0.170871,1.414214,1.000000,1.000000,1.000000,high
M4_gini_churn,M4,M4 churn Gini,share inequality,requests,7,0.407903,0.504762,0.352437,0.610970,0.864022,1.210411,0.823070,3.867818,high,5,0.571064,0.646195,0.264288,0.219837,0.462800,0.340202,0.733496,3.867818,moderate
M4_gini_churn,M4,M4 churn Gini,share inequality,tokio,7,0.563785,0.553787,0.247180,0.274400,0.438430,0.495498,0.338430,5.263498,moderate,2,0.388780,0.388780,0.361256,0.255447,0.929205,0.657047,0.793034,0.793034,high
M4_gini_churn,M4,M4 churn Gini,share inequality,urllib3,7,0.496036,0.572779,0.359515,0.525878,0.724775,0.918117,0.350311,1.000000,moderate,5,0.694450,0.763751,0.147105,0.219144,0.211830,0.286931,0.340851,0.382598,low
M4_top1_share_churn,M4,M4 top-1 churn share,share,brew,7,0.635660,0.550829,0.213776,0.261193,0.336306,0.474182,0.260890,0.805067,moderate,2,0.547068,0.547068,0.005319,0.003761,0.009722,0.006875,0.013656,0.013656,low
M4_top1_share_churn,M4,M4 top-1 churn share,share,click,7,0.501529,0.492063,0.135413,0.167959,0.270000,0.341336,0.369805,0.915982,moderate,7,0.501529,0.492063,0.135413,0.167959,0.270000,0.341336,0.369805,0.915982,moderate
M4_top1_share_churn,M4,M4 top-1 churn share,share,curl,7,0.540444,0.537715,0.130299,0.177799,0.241095,0.330656,0.228369,0.630670,low,7,0.540444,0.537715,0.130299,0.177799,0.241095,0.330656,0.228369,0.630670,low
M4_top1_share_churn,M4,M4 top-1 churn share,share,flask,7,0.890583,0.977815,0.205261,0.043915,0.230479,0.044912,0.035213,1.137408,low,7,0.890583,0.977815,0.205261,0.043915,0.230479,0.044912,0.035213,1.137408,low
M4_top1_share_churn,M4,M4 top-1 churn share,share,gin,7,0.478309,0.421141,0.269182,0.275388,0.562778,0.653909,0.383609,3.020004,moderate,7,0.478309,0.421141,0.269182,0.275388,0.562778,0.653909,0.383609,3.020004,moderate
M4_top1_share_churn,M4,M4 top-1 churn share,share,junit5,7,0.902228,0.942089,0.102948,0.127783,0.114105,0.135638,0.035375,0.296308,low,4,0.919855,0.974989,0.111024,0.056491,0.120698,0.057940,0.001081,0.295756,low
M4_top1_share_churn,M4,M4 top-1 churn share,share,prettier,7,0.830063,0.865116,0.170293,0.155120,0.205157,0.179306,0.134065,0.931061,low,2,0.920871,0.920871,0.111905,0.079129,0.121521,0.085928,0.188012,0.188012,low
M4_top1_share_churn,M4,M4 top-1 churn share,share,requests,7,0.712870,0.648855,0.219961,0.353415,0.308558,0.544676,0.241671,0.837556,moderate,5,0.598018,0.544201,0.121917,0.114173,0.203869,0.209799,0.184134,0.307380,low
M4_top1_share_churn,M4,M4 top-1 churn share,share,tokio,7,0.423920,0.312636,0.212884,0.350433,0.502180,1.120898,0.832446,2.769548,moderate,2,0.400673,0.400673,0.329031,0.232660,0.821196,0.580673,2.769548,2.769548,high
M4_top1_share_churn,M4,M4 top-1 churn share,share,urllib3,7,0.695419,0.730408,0.286093,0.463867,0.411397,0.635079,0.387944,1.719401,moderate,5,0.573587,0.583576,0.240490,0.362680,0.419274,0.621479,0.578421,0.986272,moderate
